{"cameraMode":{"drawMode":0,"name":"Shaded","section":"Shading Mode"},"sceneLighting":true,"audioPlay":false,"sceneViewState":{"showFog":true,"showMaterialUpdate":false,"showSkybox":true,"showFlares":true,"showImageEffects":true,"showParticleSystems":true},"in2DMode":false,"pivot":{"x":351.00140380859377,"y":103.48751068115235,"z":206.40359497070313},"rotation":{"x":-0.010499288327991963,"y":-0.009591763839125634,"z":0.00010532945452723652,"w":-0.9999068975448608},"size":454.22021484375,"orthographic":false}