{"cameraMode":{"drawMode":0,"name":"Shaded","section":"Shading Mode"},"sceneLighting":true,"audioPlay":false,"sceneViewState":{"showFog":true,"showMaterialUpdate":false,"showSkybox":true,"showFlares":true,"showImageEffects":true,"showParticleSystems":true},"in2DMode":false,"pivot":{"x":0.007885299623012543,"y":0.07351167500019074,"z":0.01974586769938469},"rotation":{"x":-0.07332134991884232,"y":-0.06729327142238617,"z":-0.004686324391514063,"w":0.9950692653656006},"size":0.0967344343662262,"orthographic":true}